File,Zone,DayType,LTE800,GSM900,LTE1800,UMTS2100,LTE2600,NR3500,E_total,Dominant_Band
P001,Sheshi_Karl_Topia,Weekend,0.4721,0.3032,0.26146625,0.150401429,0.3677375,0.084493902,0.740380934,LTE800
P002,Sheshi_Karl_Topia,Weekend,0.978466667,0.396725,0.2619375,0.215972857,0.16206875,0.098963171,1.12521254,LTE800
P003,Sheshi_Karl_Topia,Weekend,0.681366667,0.37585,0.26797125,0.156482857,0.20271875,0.101920732,0.867929697,LTE800
P004,Sheshi_Karl_Topia,Weekend,1.139633333,0.40135,0.211975,0.163088571,0.2925375,0.112952195,1.276602376,LTE800
P005,Sheshi_Karl_Topia,Weekend,0.356333333,0.341625,0.1654875,0.262628571,0.09033625,0.105455366,0.599435098,LTE800
P006,Sheshi_Karl_Topia,Weekend,0.611133333,0.33085,0.20165875,0.180301429,0.14004625,0.11089561,0.766832002,LTE800
P007,Sheshi_Karl_Topia,Weekend,1.361066667,0.503425,0.5453125,0.369721429,0.2607125,0.10057561,1.618049851,LTE800
P008,Sheshi_Karl_Topia,Weekend,0.940633333,0.387,0.2200875,0.166398571,0.19455875,0.107958049,1.077123534,LTE800
P009,Sheshi_Karl_Topia,Weekend,0.634533333,0.45125,0.1647825,0.114428571,0.1689575,0.10355878,0.828116744,LTE800
P010,Sheshi_Karl_Topia,Weekend,0.7424,0.2793,0.31777875,0.114262857,0.18685125,0.097700244,0.887504542,LTE800
P011,Sheshi_Karl_Topia,Weekend,0.365166667,0.2177,0.14800125,0.124304286,0.22470125,0.089948049,0.526001153,LTE800
P012,Sheshi_Karl_Topia,Weekend,0.668466667,0.3159,0.2960625,0.233764286,0.3541775,0.147023415,0.91432862,LTE800
P013,Sheshi_Karl_Topia,Weekend,0.583333333,0.391275,0.47377375,0.222712857,0.1961375,0.139701707,0.908527915,LTE800
P014,Sheshi_Karl_Topia,Weekend,0.4847,0.232925,0.3268875,0.139287143,0.176545,0.110183171,0.677313044,LTE800
P015,Sheshi_Karl_Topia,Weekend,0.431866667,0.43895,0.36581875,0.202112857,0.20305875,0.113075122,0.779665136,GSM900
P016,Sheshi_Karl_Topia,Weekend,1.361633333,0.31085,0.37383125,0.292607143,0.250715,0.13322878,1.502214938,LTE800
P017,Sheshi_Karl_Topia,Weekend,0.837433333,0.552825,0.2348375,0.236661429,0.285575,0.128997561,1.102842148,LTE800
P018,Sheshi_Karl_Topia,Weekend,0.911633333,0.591275,0.3711875,0.278708571,0.30445,0.113964634,1.225486772,LTE800
P019,Sheshi_Karl_Topia,Weekend,1.030333333,0.322825,0.306725,0.268985714,0.3124375,0.09979122,1.199921571,LTE800
P020,Sheshi_Karl_Topia,Weekend,0.771466667,0.469425,0.3975375,0.262871429,0.2488225,0.104754878,1.056193316,LTE800
P021,Sheshi_Karl_Topia,Weekday,0.9324,0.456875,0.5564375,0.251058571,0.36108625,0.131740732,1.264316623,LTE800
P022,Sheshi_Karl_Topia,Weekday,0.769333333,1.00435,0.2876,0.31444,0.2974875,0.128709268,1.373769945,GSM900
P023,Sheshi_Karl_Topia,Weekday,0.7525,0.5093,0.2703,0.209885714,0.209275,0.151126098,1.004685008,LTE800
P024,Sheshi_Karl_Topia,Weekday,0.4209,0.517925,0.2342175,0.226002857,0.2421875,0.136285122,0.792821962,GSM900
P025,Sheshi_Karl_Topia,Weekday,0.5643,0.647125,0.3521375,0.348028571,0.29515,0.150459024,1.045026986,GSM900
P026,Sheshi_Karl_Topia,Weekday,0.6529,0.32245,0.354625,0.300162857,0.25005,0.09818439,0.90458511,LTE800
P027,Sheshi_Karl_Topia,Weekday,0.5246,0.297125,0.30874125,0.254165714,0.23275,0.09856,0.766352681,LTE800
P028,Sheshi_Karl_Topia,Weekday,0.794766667,0.52475,0.2977375,0.198067143,0.345625,0.107529756,1.079775031,LTE800
P029,Sheshi_Karl_Topia,Weekday,0.553266667,0.1720925,0.2234625,0.141437143,0.21251,0.119226829,0.681934985,LTE800
P030,Sheshi_Karl_Topia,Weekday,1.066466667,0.7638,0.381875,0.295914286,0.29483125,0.175761463,1.439427987,LTE800
P031,Sheshi_Karl_Topia,Weekday,1.192,0.37085,0.4047125,0.306585714,0.3786625,0.201147317,1.414222848,LTE800
P032,Sheshi_Karl_Topia,Weekday,1.009366667,0.420625,0.4501,0.244028571,0.27384875,0.221458537,1.257745377,LTE800
P033,Sheshi_Karl_Topia,Weekday,0.7365,0.51465,0.612925,0.2445,0.32781875,0.104241951,1.166655774,LTE800
P034,Sheshi_Karl_Topia,Weekday,0.457733333,0.5391,0.36215,0.320442857,0.47515,0.133289512,0.988695341,GSM900
P035,Sheshi_Karl_Topia,Weekday,1.1038,0.6613,0.742225,0.443814286,0.778375,0.166613415,1.742753245,LTE800
P036,Sheshi_Karl_Topia,Weekday,0.812233333,0.543575,0.6296125,0.489771429,0.4281625,0.197839268,1.346828951,LTE800
P037,Sheshi_Karl_Topia,Weekday,1.059333333,0.568025,0.2087,0.182297143,0.3419,0.128236341,1.286455448,LTE800
P038,Sheshi_Karl_Topia,Weekday,1.3601,0.38755,0.26167125,0.180901429,0.182045,0.147445122,1.468381636,LTE800
P039,Sheshi_Karl_Topia,Weekday,0.793966667,0.3258,0.315,0.389414286,0.4417875,0.152297073,1.098074582,LTE800
P040,Sheshi_Karl_Topia,Weekday,0.476333333,0.23085,0.372825,0.307771429,0.219175,0.116791463,0.758673069,LTE800
P041,Sheshi_Karl_Topia,Weekday,0.849166667,0.71775,0.6143625,0.556285714,0.3962,0.19932439,1.455970062,LTE800
P042,Sheshi_Karl_Topia,Weekday,0.384966667,0.299675,0.439175,0.304842857,0.331075,0.138134634,0.807774796,LTE1800
P043,Sheshi_Karl_Topia,Weekday,0.446933333,0.220225,0.3807875,0.175311429,0.308025,0.122336341,0.730634829,LTE800
P044,Sheshi_Karl_Topia,Weekday,0.8823,0.358775,0.4863875,0.376714286,0.250945,0.162333415,1.172597448,LTE800
P045,Sheshi_Karl_Topia,Weekday,0.696733333,0.350525,0.3770875,0.318285714,0.33705,0.158660244,0.995279693,LTE800
P046,Sheshi_Karl_Topia,Weekday,0.998466667,0.6637,0.5818125,0.402628571,0.5173375,0.118468293,1.489873066,LTE800
P047,Sheshi_Karl_Topia,Weekday,1.374333333,0.331675,0.24855,0.276571429,0.228325,0.126674146,1.485007717,LTE800
P048,Sheshi_Karl_Topia,Weekday,0.8196,0.3815,0.3003125,0.204802857,0.2098875,0.102323171,1.001968568,LTE800
P049,Sheshi_Karl_Topia,Weekday,1.286,0.38295,0.43815,0.265,0.3731,0.159425122,1.492403131,LTE800
P050,Sheshi_Karl_Topia,Weekday,0.751933333,0.788475,0.434825,0.404228571,0.501675,0.238075854,1.359385155,GSM900
P051,Sheshi_Karl_Topia,Weekday,0.346033333,0.195575,0.21055625,0.15005,0.18901375,0.154937805,0.533450566,LTE800
P052,Sheshi_Karl_Topia,Weekday,1.249266667,0.896,0.19961,0.262242857,0.26181125,0.129885366,1.59922294,LTE800
P053,Sheshi_Karl_Topia,Weekday,2.113,0.3956,0.64445,0.234414286,0.3954625,0.128057561,2.294411373,LTE800
P054,Sheshi_Karl_Topia,Weekday,1.081,0.58225,0.3530875,0.27393,0.4150625,0.141497317,1.378253554,LTE800
P055,Sheshi_Karl_Topia,Weekday,0.760666667,0.500325,0.51945,0.318971429,0.30775,0.15369561,1.148408621,LTE800
P056,Sheshi_Karl_Topia,Weekday,0.5432,0.359975,0.191925,0.223008571,0.3055,0.136481463,0.789413522,LTE800
P057,Sheshi_Karl_Topia,Weekday,1.235,0.629575,0.3273,0.245657143,0.410875,0.204625854,1.516493458,LTE800
P058,Sheshi_Karl_Topia,Weekday,1.2625,0.3747,0.4287,0.3425,0.2875375,0.161945366,1.464342991,LTE800
P059,Sheshi_Karl_Topia,Weekday,1.3136,0.80675,0.3786625,0.205612857,0.4662,0.14889122,1.673787171,LTE800
P060,Sheshi_Karl_Topia,Weekday,0.916566667,0.30275,0.2538375,0.180565714,0.33756875,0.137180732,1.077757248,LTE800
P061,Sheshi_Karl_Topia,Weekday,0.5147,0.1285025,0.2481125,0.198257143,0.14799875,0.109065854,0.645053238,LTE800
P062,Sheshi_Karl_Topia,Weekday,0.617533333,0.47765,0.24005,0.212214286,0.2128675,0.104960976,0.876632891,LTE800
P063,Sheshi_Karl_Topia,Weekday,0.957833333,0.3255,0.3841,0.271652857,0.2897875,0.226460244,1.174727231,LTE800
P064,Sheshi_Karl_Topia,Weekday,0.984933333,0.420275,0.3020375,0.1666,0.432175,0.121429512,1.21129159,LTE800
P065,Sheshi_Karl_Topia,Weekday,0.611066667,0.395325,0.3018,0.475,0.39030625,0.148789268,1.010381008,LTE800
P066,Sheshi_Karl_Topia,Weekday,1.5123,0.4176575,0.3574575,0.491697143,0.30076875,0.16878439,1.717550882,LTE800
P067,Sheshi_Karl_Topia,Weekend,0.760533333,0.4308,0.2755875,0.311071429,0.22067625,0.144616098,1.003157674,LTE800
P068,Sheshi_Karl_Topia,Weekend,0.996933333,0.477525,0.38610625,0.153214286,0.37808875,0.167008537,1.25112022,LTE800
P069,Sheshi_Karl_Topia,Weekend,0.744366667,0.287025,0.4651875,0.14501,0.390575,0.133760488,1.021926169,LTE800
P070,Sheshi_Karl_Topia,Weekend,2.142666667,0.833325,0.623675,0.333385714,0.4001875,0.177056341,2.444803985,LTE800
P071,Sheshi_Karl_Topia,Weekend,1.415766667,0.695375,0.2090525,0.363857143,0.4418375,0.118755854,1.6950988,LTE800
P072,Sheshi_Karl_Topia,Weekend,1.000866667,0.741975,0.3807,0.235782857,0.23725125,0.120997561,1.350450146,LTE800
P073,Sheshi_Karl_Topia,Weekend,0.7152,0.353025,0.19999125,0.187205714,0.2651625,0.112306341,0.891125152,LTE800
P074,Sheshi_Karl_Topia,Weekend,1.328,0.563875,0.3212,0.22479,0.27882625,0.201208537,1.534101676,LTE800
P075,Sheshi_Karl_Topia,Weekend,0.737166667,0.765175,0.4648625,0.297014286,0.570125,0.147643171,1.334190064,GSM900
P076,Sheshi_Karl_Topia,Weekend,0.806866667,0.299325,0.27155,0.195485714,0.295075,0.118052683,0.976518833,LTE800
P077,Sheshi_Karl_Topia,Weekend,0.5367,0.2332375,0.3395525,0.230757143,0.19389,0.120726585,0.750439619,LTE800
P078,Sheshi_Karl_Topia,Weekend,0.9605,0.4578,0.280725,0.17237,0.3485625,0.147040244,1.176339952,LTE800
P079,Sheshi_Karl_Topia,Weekend,0.625833333,0.241775,0.29075375,0.268967143,0.3743375,0.135819756,0.874973799,LTE800
P080,Sheshi_Karl_Topia,Weekend,0.638366667,0.505525,0.32238375,0.162725714,0.20094,0.126070488,0.921818376,LTE800
P081,Sheshi_Karl_Topia,Weekend,0.7913,0.51835,0.3571625,0.456362857,0.2157525,0.194452439,1.146749935,LTE800
P082,Sheshi_Karl_Topia,Weekend,1.705833333,0.64785,0.5580825,0.25227,0.273875,0.145535854,1.949579804,LTE800
P083,Sheshi_Karl_Topia,Weekend,0.654666667,1.000625,0.2289125,0.214085714,0.28879625,0.132335122,1.276318267,GSM900
P084,Sheshi_Karl_Topia,Weekend,0.949566667,0.356525,0.43595,0.292814286,0.1636725,0.165475366,1.165654461,LTE800
P085,Sheshi_Karl_Topia,Weekend,0.949566667,0.356525,0.43595,0.292814286,0.1636725,0.165475366,1.165654461,LTE800
P086,Sheshi_Karl_Topia,Weekend,0.716766667,0.360325,0.4368125,0.226288571,0.2993125,0.207765854,1.0091357,LTE800
P087,Sheshi_Mustafa_Qemal_Ataturk,Weekend,0.674533333,0.407575,0.4583875,0.314142857,0.52675,0.134180732,1.106972206,LTE800
P088,Sheshi_Mustafa_Qemal_Ataturk,Weekend,1.209733333,0.483425,0.3494,0.343857143,0.37157625,0.120281951,1.445686418,LTE800
P089,Sheshi_Mustafa_Qemal_Ataturk,Weekend,0.8218,0.394625,0.3712875,0.189758571,0.5208075,0.123313902,1.136395012,LTE800
P090,Sheshi_Mustafa_Qemal_Ataturk,Weekend,0.5115,0.34875,0.3117375,0.205855714,0.22002375,0.172020244,0.775123907,LTE800
P091,Sheshi_Mustafa_Qemal_Ataturk,Weekend,1.219433333,0.286925,0.4511875,0.252638571,0.3388875,0.151767561,1.405211069,LTE800
P092,Sheshi_Mustafa_Qemal_Ataturk,Weekend,0.848766667,0.6003,0.48375,0.215242857,1.0201375,0.154570488,1.557459807,LTE2600
P093,Sheshi_Mustafa_Qemal_Ataturk,Weekend,0.477833333,0.59345,0.2975125,0.199931429,0.3446,0.141050732,0.920672759,GSM900
P094,Sheshi_Mustafa_Qemal_Ataturk,Weekend,0.4773,0.21175,0.21985,0.088062857,0.2219175,0.10403,0.623547961,LTE800
P095,Sheshi_Mustafa_Qemal_Ataturk,Weekend,0.2324,0.182825,0.156835,0.164464286,0.21112375,0.11884439,0.444722032,LTE800
P096,Sheshi_Mustafa_Qemal_Ataturk,Weekend,0.3957,0.377325,0.359525,0.174971429,0.17729375,0.145563415,0.715155685,LTE800
P097,Sheshi_Mustafa_Qemal_Ataturk,Weekend,0.463,0.3596,0.15599,0.170184286,0.2066725,0.160790488,0.682307727,LTE800
P098,Sheshi_Mustafa_Qemal_Ataturk,Weekend,0.861833333,0.426675,0.199075,0.294305714,0.3607375,0.113197317,1.092703132,LTE800
P099,Sheshi_Mustafa_Qemal_Ataturk,Weekend,0.409266667,0.375,0.22585,0.223094286,0.339105,0.112711463,0.732529564,LTE800
P100,Sheshi_Mustafa_Qemal_Ataturk,Weekend,0.646866667,0.37505,0.297625,0.364128571,0.3057,0.154266341,0.947375236,LTE800
P101,Sheshi_Mustafa_Qemal_Ataturk,Weekend,0.465966667,0.387225,0.3640625,0.4569,0.34717875,0.106616829,0.916661051,LTE800
P102,Sheshi_Mustafa_Qemal_Ataturk,Weekend,0.299333333,0.145645,0.121455,0.088735714,0.1355875,0.089808049,0.399859613,LTE800
P103,Sheshi_Mustafa_Qemal_Ataturk,Weekend,0.203533333,0.185275,0.15206875,0.081985714,0.1161775,0.082384634,0.354800852,LTE800
P104,Sheshi_Mustafa_Qemal_Ataturk,Weekend,0.204433333,0.173225,0.1573475,0.08694,0.103455,0.085799756,0.349544308,LTE800
P105,Sheshi_Mustafa_Qemal_Ataturk,Weekend,0.288066667,0.272925,0.22014625,0.095498571,0.233925,0.135554146,0.536796648,LTE800
P106,Sheshi_Mustafa_Qemal_Ataturk,Weekend,0.269666667,0.3303,0.31095625,0.187625714,0.1479475,0.102558049,0.588321354,GSM900
P107,Sheshi_Mustafa_Qemal_Ataturk,Weekend,0.712266667,0.48615,0.4546875,0.203698571,0.34902375,0.08045439,1.058390261,LTE800
P108,Sheshi_Mustafa_Qemal_Ataturk,Weekend,0.321633333,0.25915,0.24008625,0.172484286,0.3036125,0.110982683,0.60207696,LTE800
P109,Sheshi_Mustafa_Qemal_Ataturk,Weekend,0.769,0.341875,0.2241,0.142645714,0.1682425,0.100677805,0.904018631,LTE800
P110,Sheshi_Mustafa_Qemal_Ataturk,Weekend,0.8069,0.692125,0.28665625,0.411362857,0.28424875,0.104721463,1.213787365,LTE800
P111,Sheshi_Mustafa_Qemal_Ataturk,Weekend,0.234666667,0.36575,0.15258125,0.233558571,0.5643,0.140367317,0.777695072,LTE2600
P112,Sheshi_Mustafa_Qemal_Ataturk,Weekend,0.801266667,0.4101,0.2737,0.460034286,0.37492875,0.116560732,1.118441544,LTE800
P113,Sheshi_Mustafa_Qemal_Ataturk,Weekend,0.3603,0.2598,0.1639825,0.158535714,0.45225,0.105351951,0.681883464,LTE2600
P114,Sheshi_Mustafa_Qemal_Ataturk,Weekend,0.625733333,0.385125,0.23665,0.164738571,0.32063875,0.124370976,0.860977838,LTE800
P115,Sheshi_Mustafa_Qemal_Ataturk,Weekend,0.504266667,0.460875,0.20707125,0.224728571,0.2325425,0.096246585,0.789564114,LTE800
P116,Sheshi_Mustafa_Qemal_Ataturk,Weekend,0.480866667,0.33405,0.3801125,0.222928571,0.4438375,0.114029512,0.864291195,LTE800
P117,Sheshi_Mustafa_Qemal_Ataturk,Weekend,0.560433333,0.60285,0.3630875,0.191371429,0.54710625,0.10581122,1.075402466,GSM900
P118,Sheshi_Mustafa_Qemal_Ataturk,Weekend,0.760133333,0.3741,0.2521,0.126231429,0.17935625,0.12159439,0.918801468,LTE800
P119,Sheshi_Mustafa_Qemal_Ataturk,Weekend,0.569733333,0.201075,0.262525,0.168742857,0.1955875,0.106941707,0.715619838,LTE800
P120,Sheshi_Mustafa_Qemal_Ataturk,Weekend,0.216233333,0.17635,0.14210125,0.137585714,0.19044875,0.103472439,0.404914859,LTE800
P121,Sheshi_Mustafa_Qemal_Ataturk,Weekend,0.4794,0.280675,0.15098125,0.109894286,0.13825875,0.15055,0.620689691,LTE800
P122,Sheshi_Mustafa_Qemal_Ataturk,Weekend,0.284866667,0.2437,0.179345,0.07581,0.1687,0.109723902,0.467920418,LTE800
P123,Sheshi_Mustafa_Qemal_Ataturk,Weekend,0.186566667,0.209625,0.14683625,0.211185714,0.215325,0.115343902,0.452304238,LTE2600
P124,Sheshi_Mustafa_Qemal_Ataturk,Weekend,0.319866667,0.1948,0.1937625,0.131141429,0.18926875,0.097891707,0.490315359,LTE800
P125,Sheshi_Mustafa_Qemal_Ataturk,Weekend,0.270866667,0.322675,0.2008375,0.144828571,0.170615,0.164484634,0.543105511,GSM900
P126,Sheshi_Mustafa_Qemal_Ataturk,Weekend,1.1424,0.752725,0.2911875,0.166164286,0.1820175,0.135825854,1.426762927,LTE800
P127,Sheshi_Mustafa_Qemal_Ataturk,Weekend,0.704866667,0.319875,0.218325,0.253427143,0.36467,0.118118537,0.926274448,LTE800
P128,Sheshi_Mustafa_Qemal_Ataturk,Weekend,0.676566667,0.3577,0.311,0.1229,0.4141,0.129060488,0.941091161,LTE800
P129,Sheshi_Mustafa_Qemal_Ataturk,Weekend,1.915466667,0.648,0.3263,0.3489,0.3538375,0.135410976,2.112026648,LTE800
P130,Sheshi_Mustafa_Qemal_Ataturk,Weekend,0.342766667,0.3261,0.5107875,0.283885714,0.4612125,0.13294122,0.89202887,LTE1800
P131,Sheshi_Mustafa_Qemal_Ataturk,Weekend,0.4707,0.366975,0.4439,0.349771429,0.4165375,0.116044146,0.928755154,LTE800
P132,Sheshi_Mustafa_Qemal_Ataturk,Weekend,0.754933333,0.358075,0.4035125,0.256375714,0.3406375,0.126120488,1.02889901,LTE800
P133,Sheshi_Mustafa_Qemal_Ataturk,Weekend,0.483133333,0.29525,0.283255,0.159142857,0.23967875,0.117191707,0.705216296,LTE800
P134,Sheshi_Mustafa_Qemal_Ataturk,Weekend,0.4046,0.673675,0.42726875,0.216751429,0.2630375,0.098900488,0.96231438,GSM900
P135,Sheshi_Mustafa_Qemal_Ataturk,Weekend,0.455266667,0.3817,0.354,0.243334286,0.3346375,0.154662439,0.820605221,LTE800
P136,Sheshi_Mustafa_Qemal_Ataturk,Weekend,0.889766667,0.5079,0.5423375,0.333715714,1.522275,0.140147805,1.947333011,LTE2600
P137,Sheshi_Mustafa_Qemal_Ataturk,Weekend,0.4109,0.499875,0.21192375,0.196414286,0.2341375,0.122085366,0.75626006,GSM900
P138,Sheshi_Mustafa_Qemal_Ataturk,Weekday,0.2171,0.286675,0.156235,0.104161429,0.227075,0.097638049,0.475047564,GSM900
P139,Sheshi_Mustafa_Qemal_Ataturk,Weekday,0.4127,0.2668,0.1919875,0.088882857,0.14773,0.110367561,0.565922295,LTE800
P140,Sheshi_Mustafa_Qemal_Ataturk,Weekday,0.8322,0.719675,0.3222625,0.211854286,0.4294875,0.139338537,1.250239594,LTE800
P141,Sheshi_Mustafa_Qemal_Ataturk,Weekday,0.663166667,0.37245,0.268555,0.162142857,0.45576125,0.150276098,0.952482203,LTE800
P142,Sheshi_Mustafa_Qemal_Ataturk,Weekday,0.8766,0.413125,0.33895,0.223387143,0.2659875,0.148823659,1.093977411,LTE800
P143,Sheshi_Mustafa_Qemal_Ataturk,Weekday,0.757533333,1.071425,0.390325,0.302685714,0.499515,0.111737805,1.492575325,GSM900
P144,Sheshi_Mustafa_Qemal_Ataturk,Weekday,0.669933333,0.458125,0.37151875,0.339478571,1.1301375,0.231104146,1.497524946,LTE2600
P145,Sheshi_Mustafa_Qemal_Ataturk,Weekday,1.093933333,0.43995,0.255025,0.4035,0.507925,0.163229756,1.379394034,LTE800
P146,Sheshi_Mustafa_Qemal_Ataturk,Weekday,0.6962,0.498375,0.5182375,0.2077,0.58825,0.163403415,1.19059658,LTE800
P147,Sheshi_Mustafa_Qemal_Ataturk,Weekday,0.4198,0.26245,0.2991875,0.237607143,0.2784025,0.116202195,0.694329359,LTE800
P148,Sheshi_Mustafa_Qemal_Ataturk,Weekday,0.574933333,0.418025,0.4009125,0.232278571,0.4270625,0.136682683,0.9597093,LTE800
P149,Sheshi_Mustafa_Qemal_Ataturk,Weekday,0.4275,0.325225,0.2541475,0.201328571,0.2946125,0.153922683,0.71002846,LTE800
P150,Sheshi_Mustafa_Qemal_Ataturk,Weekday,0.246366667,0.22115,0.172575,0.128071429,0.168595,0.109335854,0.442907306,LTE800
P151,Sheshi_Mustafa_Qemal_Ataturk,Weekday,0.422333333,0.26825,0.2104875,0.147755714,0.34734125,0.13080878,0.673956324,LTE800
P152,Sheshi_Mustafa_Qemal_Ataturk,Weekday,0.7263,0.316575,0.191875,0.222067143,0.28505,0.16143122,0.906186953,LTE800
P153,Sheshi_Mustafa_Qemal_Ataturk,Weekday,1.364,0.59,0.3851125,0.220052857,0.3843125,0.160150244,1.605825363,LTE800
P154,Sheshi_Mustafa_Qemal_Ataturk,Weekday,0.7952,0.495725,0.4995375,0.199685714,0.428325,0.110216829,1.167522363,LTE800
P155,Sheshi_Mustafa_Qemal_Ataturk,Weekday,0.5271,0.344125,0.326125,0.3954,0.3492875,0.153450976,0.896941504,LTE800
P156,Sheshi_Mustafa_Qemal_Ataturk,Weekday,1.420533333,0.803725,0.4677125,0.300871429,0.382525,0.167642195,1.774146755,LTE800
P157,Sheshi_Mustafa_Qemal_Ataturk,Weekday,1.056666667,0.63095,0.6723375,0.520085714,0.716975,0.270839268,1.680647575,LTE800
P158,Sheshi_Mustafa_Qemal_Ataturk,Weekday,0.673633333,0.572325,0.4364375,0.324271429,0.6191625,0.17292,1.22075016,LTE800
P159,Sheshi_Mustafa_Qemal_Ataturk,Weekday,1.528,0.5599,0.5062875,0.295257143,0.645,0.203008537,1.857151929,LTE800
P160,Sheshi_Mustafa_Qemal_Ataturk,Weekday,0.4172,0.300775,0.2302,0.177962857,0.226925,0.146277073,0.649673916,LTE800
P161,Sheshi_Mustafa_Qemal_Ataturk,Weekday,0.3305,0.226675,0.16805,0.118627143,0.18759625,0.121208049,0.502800906,LTE800
P162,Sheshi_Mustafa_Qemal_Ataturk,Weekday,1.793733333,1.00195,0.4517375,0.328214286,0.55975,0.124652195,2.205001744,LTE800
P163,Sheshi_Mustafa_Qemal_Ataturk,Weekday,1.0306,0.47515,0.3401875,0.359414286,0.456475,0.151357073,1.328189909,LTE800
P164,Sheshi_Mustafa_Qemal_Ataturk,Weekday,0.916033333,0.6191,0.4329125,0.201351429,0.316975,0.12225878,1.25131046,LTE800
P165,Sheshi_Mustafa_Qemal_Ataturk,Weekday,0.620466667,0.37845,0.16355,0.513571429,0.8188,0.17127439,1.232264525,LTE2600
P166,Sheshi_Mustafa_Qemal_Ataturk,Weekday,0.852033333,0.3965,0.368475,0.366271429,0.72795,0.170996098,1.308530666,LTE800
P167,Sheshi_Mustafa_Qemal_Ataturk,Weekday,0.893166667,0.369575,0.6037375,0.387281429,0.7147125,0.189112683,1.412584799,LTE800
P168,Sheshi_Mustafa_Qemal_Ataturk,Weekday,0.250833333,0.2643,0.18426375,0.147762857,0.2792,0.123535122,0.530822389,LTE2600
P169,Sheshi_Mustafa_Qemal_Ataturk,Weekday,0.247266667,0.409375,0.2010375,0.181898571,0.18995375,0.138721951,0.597961595,GSM900
P170,Sheshi_Mustafa_Qemal_Ataturk,Weekday,0.3233,0.225425,0.2466125,0.155305714,0.2317375,0.12377122,0.556146109,LTE800
P171,Sheshi_Mustafa_Qemal_Ataturk,Weekday,0.3632,0.4542,0.2572625,0.182957143,0.14958125,0.187492439,0.703844553,GSM900
